{"file_hashes":[{"block_hashes":["guyHCO+BF+mMF+HX5NfjQmrBYxvEMWm9VXzI/oJsuLw=","Q9I3F1eC6Poj3uI/7Jo8HgOg5tlgS+p5k0YoLWHHSfQ=","TxAq6Np8MXRmZldMFKhZbVzB/aPkpRyDlYAImAoHCcg=","RyDTThxG4CGfMv+tQH1MnTE55dG0xcTY3NymjiKlSGY=","aplUUJxw+YjxHAtTASbdgZf/4a6GSUqBHkx+In9HtUs=","hob4qtvkXHT8MuAvkgwqiVOFnbv0uN4mHiuVvtMZEY8=","5AICTn6zsfvSOSLalyXDLl/bvI3fcUkI+J7dvxCPy94=","LWfmlb01+a9CZJ2gDBdkZLyCpIS04pypvPB807x3TPc=","V61YT5v6T0AxHVPkr+krak5KPY/ZLDIBqMCeJnIGpBk=","1HerXhsaa7xjeFdEgn68wGj3kn4Lz4A7fBwoTaejSGU=","wlYpF9hjJsn4yxzf12tBpODX8YYn1yO5J77G/ZsGUeE="],"block_size":4096,"path":"alert-audio.mp3"},{"block_hashes":["FzKm498Gsvkwms4klZN/xB+lwhTKrCPzh7UqHQNFgJ4="],"block_size":4096,"path":"asset-manifest.json"},{"block_hashes":["jlTyENEIj1ArKAbgpVSOatYFdRyGZUpq6sDdLw+f+90="],"block_size":4096,"path":"background.js"},{"block_hashes":["fjHl3BWPJeJ4gUwM6YQiAofsyeZ4v2LTtlFshpEz9wg=","IWsCf3MVxBCgWPOouQuvXJHOvR2S/egHdzPGROeWjK8=","6q86IHts0Gb/hjrVJWkYSq21gjn2K91DNmtG6tDIhnI=","/DBEt7XigP6PMfUpyauhT/CP3KMrGgFFXJwWejn9kmE="],"block_size":4096,"path":"favicon.ico"},{"block_hashes":["lHNYJkaG/62stmRxWkV0ckDZ72UqKO/seUp+skMPCLk="],"block_size":4096,"path":"index.html"},{"block_hashes":["kNJLw79pisHhc3OVAimMzKcq3x9WT6sF9IS4xI0crdI="],"block_size":4096,"path":"robots.txt"},{"block_hashes":["u3q8lvacktTS6RzO9dq/dlyHYiCvabwLswjdoqSynq8=","DsYgK0nlLE4NBirQI1FEYrUwl5LS3CATGbjmOKeBN3c=","GX4TBP2auyTZOFRxyISXJLTH2OO2SQYlGaS19o7wSMI=","pR84zf7QF4bs8Nj8dphsZxCnsHHE/g7zc4cJVsJ1FaE=","x4Xp0CjgvCOH+8186Rr1/o0uvd73do61/YC5g6Omvak=","E3PeBlQRSk6z3zVOwY88Ouuy89PX0BmLp1nGNci6kzA=","TbgNj+rhwZH3A+TX0SfYOREjR82i2zb1SRqVaEv80cY="],"block_size":4096,"path":"static/css/main.02a691a3.css"},{"block_hashes":["Fgj3xjsnM+cQr5b7YK9oFzSD0yoNssI5anWeR7eMVMU="],"block_size":4096,"path":"static/js/204.a44b41a5.chunk.js"},{"block_hashes":["9IwwPScKssAfuRvaWFbnZmWgNQPGO8vPL02ct2fwxO0=","zrrXfVezefhqBDA+7jkwaI+t0ZcbWXDQC8k8itGTau8=","Z09E4inX9scs9v0FfUHiVpi04JDo5+pSPhwM9KycYxs=","VS51nV/z2YHpGX0WPSVwewFK6jArm+YnHAlUisuk6jc=","B6Gq0Vu3zKtvUEvfEr4MCnTFr3EMRmNXSQws5SnOhgE=","RZT5i7kcYT2yJ7QMXFIgAP8vA4io+Y+odFuhBNt9NqI=","z68o/xW6O1Ts90k/GoCaQsvenAeHJCnYiK/w69iZtEw=","59RflQKXHIUktU0r4irCR1MPm/LeSKNC/c3lvYg3218=","WFuU3q0MCubsfb+kKZe+VBv6uTzoqHz9zUVytoTDjA4="],"block_size":4096,"path":"static/js/219.c9fa0553.chunk.js"},{"block_hashes":["PpqXkIq/iYrlwxQDwCzPEalhEqg9hjpgC3OewoC3a40=","vg1mRu2Q1C4a9lSHeQYG+VVdqSeUJ8IZRilY3taTjAY="],"block_size":4096,"path":"static/js/226.80dc02fe.chunk.js"},{"block_hashes":["iU7Tc7clfeoIhZTWpZwgTXmfNMBESiGlfwQNFNOgs0M=","XAifQtPX/LlqEHrrADXy4CF+HSjPKd+Wo3iwXLKUMTI=","cIxkpXvwwi01m1wsboUAxE7tBLliT3PRYyp0VB/x79A=","OIkAyzySFs5ijXFAvJ0pG/ELfuKKkakjJC/8KqaTKR4=","ZlW32HonYwHw1LtfR9WbyPmeqy01XjeA35QLGOAdSEE=","VYWU6zEtHzOEo3dhy7W4A2Y1hHzCGPWuXmSZWQOWuYA=","WK81p/q3ve8DQ2a0WAQ3R7EQYNYvQm+QMoU884Xwg44="],"block_size":4096,"path":"static/js/332.5627daa1.chunk.js"},{"block_hashes":["Zas3BdUEmYf3ueN2ATJQ1csLUjSDNTtRo32+a+udDTs="],"block_size":4096,"path":"static/js/527.e744375a.chunk.js"},{"block_hashes":["xs1/PJC/nTEuXnWHIEkMdPPwvDKm6wxf1N36XvxFXlA="],"block_size":4096,"path":"static/js/81.ac54568c.chunk.js"},{"block_hashes":["w+cx25dfdOC6TP2EyYHIj5RiCB8aE9C7sMWiMzS00CY=","ogErvZsV47uirfDCadqUFafb1RSSaWR5XKP2apixVgo=","l5x+Y3+nSnqvYLqp/ovSO4wIuxR69kqVsCvsypQWFIY=","OY25u9fllJTihU8+q5F/MoeIfAE0Wat2u9CRW4Y+Sbo=","iLsKvciMvuBzr6rqOQpYLpbZLOWlgXyoU7e7UiYvyGk=","x7D9re1p5wt1IJYcJR73WWcQJ3mljZOR/Nny0YYGHiA=","T6BkOOKSrY0wYcccGYq+6ykrSYgVoY312rO2WKZDEs0=","hVVqT1xonsFvg3Zvfm8wMx4u/l2mhC1KbSBWqnx77MQ=","R0UmLUYamWUZj2dvw/qltBLRgNYG6Sgn5Z1mIZBQVX8=","OQu0M61r02bk4zBvD7rgE+J4mCGVrnVwyb5k8/DzlDg=","h2XPV4dwn8av0JigUMnenv8h7JqHfuHnuqbWAXURlDM=","+kbe/mls4etYBTihHhngrfJSz/hqu+EIC/dMyIbyLqI=","LQi8w3n586/0YnF5IbrJqoxle8ob6p+4syVJo3/lktg=","8Hica1dNB47RNNlV8JQ60TPKe/1mCvgw9oac7iEKDsE=","mZ9bt+/Yf2QHxsKxO9NxL1Vt+OlTeb6tWUnr9Ubzquk=","jBBrq2gi1J2utUVjxd2QSIzHzFYJecVftmvsCjCgpLA=","doVOxml7eJ07RA9mnP5ZfLONBUpVa/ScbzgD11hQuVM=","vGdmwphyYDBcdY4xkqTL5TGUziHB7mVX8KLkS95OLPo=","jc+6QgX6Iav0MrO9XEAxZbp6dgGE/M5IS5FPKPZQxqM=","4SBEcH+HplMcPgd05pwendl1OApLQKb5eiPAcYJCsmI=","EaM+9IAjoEbHcBtx//Fh8LXGQOi9W0uR+DaIppvSTgc=","2kFDYFYaI5f1WCSlw16SEGmelj8cWaB2pU74HPGXt1Q=","yADZuih1vunIO+qBEKeJn7viSYrX73Y0e63ETOJHC0s=","FdTClXc6qIcIQbTuI4sKnVEJxXSFRexVXq5Jr5CIIFE=","//YYMEnRRN6eMBxbWCBRtf76xBvQOE6RzZrNLvPK+ik=","RbxgwFDlTO9zA4Ysy37nDVCOVzxY87cJszPmfPTXPJA=","h1nUWucZCJF0Xx2n/VvSu90eO+zacvYkFP42GG43hwA=","pw/61DKLzsUxwJ1LO25nRButuUfcROD/fXGVS/3ICyE=","wemNj3dCuNV4CRpFzWXEaaVTHCe8yAN89egF80PlgyU=","XRDJsnQQ9s9KsYbfpIhsHuASmAKEQEEjFWTBUmjR8oc=","FwF5icSvY/wAvDLrF4as28gIAVNKr29p9CLv5csY1i0=","s8Aonjfj/hIO7rEllp3JJlnMIUvUOSoHOLpS+B0E8DM=","GvR7B8CezrvjUb9is0BHsYYqzuwrroxU8miu8WUcCNE=","ciBJtibhcfDPU73SmPglCJ0gFD+MQrDVdA8poVSLhU4=","OYkq380dPOgnf8nJtKbKrWR/wXrkBDH4AqtjklKCl7o=","uBPZ9rmK/hWFmO6RomrWl85DJbe7rXs3Z4wsNPIq+iA=","Vm9dE3+fd3VuAZB9Nj05xzyWm4g9SH6BNmhfpLGCQLE=","ZkLuXi8ot4w22WTZs03jp0rfeMLzEIPXWouF1hujEu8=","+8aQ3layFEdc5+kyii9vyqNyn8AOfN7XEsEy12mXOCo=","Zl0k4DJ9ypwXOkNfOQbun1TnrTW2vsaPDDs+QPXxMh8=","9u4sw9EvDLYu0SnMTgXARFuuG7Nt2PITu+SKVzLJmFI=","+jnrGzhf0sXzqgU3OOJSOpVSO+hYNWIC3+VfWtGzyV0=","ST8ioz44sA4/X6qpGLxrrL3FBGtcAl+yB2Oj45LFd8k=","ZvalPqvP4guBcfgYiGlRJU0960TitpdKFmKYdmnu4QQ=","xH8pt3PYzsVKKOOm283I0yN1Gb/yoMHUYmbmofHBL6M=","PSP9g4FjkrRwO/AENrqc1KhnPanK9QaETsH91Jaepfc=","dZ5AkEBrFFDiBQEtOs/FnfuNYtp2zqEm+4gfXvXYAr8=","O5JaXV4HSYPPQjGuBMAO9ehL978444lw3Qd55n+ItDk=","I/Y/amXhDXPCFLrlOx3+FB/uDy3R3vsb007h2mjcyA0=","SbhvZHTJHH82+iYTaLOzYPwvm99Le8zAZgPpDBpTcp0=","xbk/3Fw8kZP2HFZVkCSqDzCf7KTRej38NPcucmMbF78=","tNykTSrF5CVWO9MbFLanpOkhPZSoZqGMAWe2CsvjnzE=","J04i3+RGNhi0Oceu2GxJG+nWigOYmRBVVn2CmCH+NnQ=","l+U3s+jtstjhLKIIQIpgP9BJz6naCu14Eyk2xGk1u90=","4KJnlSheyKmw2+ZdUsCH9Bgx1UlhsJOHVR2iSZAsiaQ=","G6o1QU/r2bPkZCW+FB7OLvPaCM9TEqUBLFaiVFyY6lQ=","GZGtBV4gGK4mv7OHEwLyJka/RiOI8bPP0a+Iy7fCCHM=","C3hIEC0amGsYy8VBt1OVVCPgpG/MYnzq/PgZIdZsI+o=","78v41RGvU+P9dhLU8siF9i5O/9TCEyU0iJTDyWB5GfU=","RGuh550hhe7B0cELAGDd0SweJr5CLEPdYg+WFnqeeck=","s9gTdBFQkVh5EubtjbalUpV0+LV49wBxQvE+q9n0BWk=","2RILVjSzx+pEMOMUCp9FcR4F+Ps0CVd6J1vSl/0yxaw=","p21CGEPcKn4XS+N50UutZPF1OcFpStQuipmAPav1NcA=","fwSeDU/cabJN1Kt350m9QKULt3SqkpJdwEMjFrAo2Wk=","xlGzRuOmRN45xyQoqX2oNwQS6jL5+L/AwE53ncoSWQg=","caMobpqbvzCYxEkTg9YFIn3xamXL7kPS8WX6W2Ty7mg=","zX1wEnBu7yt/RGQg/uAadIujgcpBko2lTjlzGmrMiMc=","dQ+vuNCjJ1KehYYDjbs3dPAIqnCZq5nl61oTntFvt10=","PyrD117q/6X590GCYSSF7izkRnRoCbLAbroQ2Q3UbGI=","oLGGSNxMD812xiBQp0dhSnSMszH4/9tcoMwwaYlpkyk=","kmsk+xpeMty3r6RIOthtWUDMTkRNWy69YA9cjPRHbLw=","dJDPtPKVm1JtTde3j1b63o/Wp/z5ldk5aWvY9AhvLi8=","MuCJUArRUA+ydOEQbuFksKUkCdyjZ7vVsLDT7sI4WU8=","ulISk88vJgppjCaxZsejOxZR1JKbR4rwtoFbUApTEiw=","SahvqngwJMxrw3OKvCN9Gi05YPyhInAnEnc6ki6nXPA=","XUK4+T98o++s2VOH435zqZq1vX4w07btrcCEapXJs80=","hpIGa50Haxu8B6ZTD9SCW+Uk8jFO+X0xIoF1b7U1Nzk=","UwsIdI86u7jhVHntgZbGP29Er6Hmvtp5sJMNYpxqxf8=","9uFKZ0f6gIXE5zY1Ag+IZL7bte9d/bMt3GZbUtlN4+s=","o0SVuyt+KOzBSCulHGpsZSe40ppkLjc64eZFfjuKnpg=","TB3Z+xqZuHdEdTNIRaC+rhl+k+ComyJE4F6TW28xmAg=","vLvhTd8wJzLze7My8xpUTUYUmhzKpAG58Ex+tScxtgc=","svV+dtLJgKbhIqcaLIV/paIT6oaNbIFJ2QxfzHYC2eA=","fQO7H6I0+jw+0UR6bgWqAer2R8CfRDUjzfKCcMhJPUs=","83hcptLeqf92X4nQ2er0wdLWYX8LJnAZ06LbYtqa5Z4=","wwa0qNRs8dwdLy1MGYxsP77NJ5/ymsL7z4GqnrdEPIc=","qi0KlzsVHYrC+idi4EnOC8jMzYVJIUURtM7y7S9KtFw=","cqbIcCttzMxKctPajGQ05Rg5kyaN+cldQN+P4tBn0kw=","HDcSdmVg/9KrxLXLZoke9AloNdrrcSrP4wRpJ0irYUU=","puLpXRxNQBJaOXc7AlIxIniidnYk6wspIqsjv9VL6xs=","+/ikjlpUU7SkjBeorRBZqn2+R+N00ixBzHZW7H3lIoA=","J5tYJgmcN5zql/DccY9OZZVFGtJHOlCuFGqos40mo20=","isBs1SoumiGM7aN6HosOyvqaNwL3CsT/+/iS245wr2I=","ce1zEIyP4fzJa7WThla81lRUEZqp8Bgj1CQ3feyD6ao=","Qz8+DL51DefXwAc04mTN5CVzB9Rkd8T/5TGPIN7bjv8=","0SxIiCkRGOrWkWiXrd9UX3xp3K63Z8kWJIizdWUdits=","8veTNEuEec1kbkOS9A4spY2wWHAAzzLo0Me1gIbax/k=","0zipc/TabNv141PHJ7rUuqXwfF1JLVD25VW0G+3+5lA=","kwor/dw+8jQi4AcCv3LzaJqAlDa1zFwlndLXjMHPEik=","bjtaqipSlZ+lYIiN1Il69YvWw4MIDC/HIx8ZdrHLHos=","jQyppuLaE8MDB4pEwQ8/rpAK4PfeERrqWi+gA9kRS5A=","O1dqqjarzZRymwCvKm1G8xsptzMn0h4zYnBqlLTSF6I=","YDdOh2/bg7sNqZSMukPRfsunEa/OWjn5m8yShkah0VA=","ZR19A/fjWedqb+HP9iYfN6bnASpgLXLjppSbaW9yiio=","3Sr8CKHCVAzDWwVREgE7x6iDT3w6xJsjmgjYksVx/Fc=","7+2NTTgdOc7y5slc8HxE0C9ONhsEfOMWXtfIPP3Tk3k=","IBS/ASHY+HxxQfqrpneb5yexR8sAtSxyuqZQQiGjf98=","7EirBhuq6wM4akzMMasNiz7+05CK182JS1zGnVnygwQ=","HjcgaIVUmCflQVYHenfIU6FBYguHBgBUJV3fESBNSIA=","jXjAALcQ7OAd4eiJWaG9f7rQJtyW69K31Ry3Dgf2cPA=","cI0lfqKxY/ofVKudoCafG/7vCn29Q5kaWAFAjndfMU0=","H9xuBfDDPQEL5rEw/3rz/mVm1R4q5AyRzMhd2j9ED9o=","5rry9jtAurDmGJyWCNkXQSH4EgkLifB3t1MAQ889NaQ=","2Wnlc/hzdU7MRUofqe/9zIpH28KNAD7deo+B1OtZcT0=","VVRfy2LEP7ZbFrV3vb+ps//frjFpOutPz1QkUVWStV8=","rq08Ypc8PU0K4tXFHFWeA3UCbTiJzcj0elRkBs2OndI=","wbzw2+Q+KRd+CImGa2fXCp70YqVmpyj7zrrhBWltB+A=","SphgzXCtip+boVyWcubpcmMqFXE3Vf7LRAFopf0sh4w=","TgExHPNGAoGfokI90kashaewY6DIh8LSQPOD1/cQzSA=","agWtbAHEg/MLoX3dE5TDG+1IwR3UFEFR16avTxjzptI=","qJdi2HYTg58elUsJ+xvaRogV8vU8w/UmI6S2yyVExM0=","M9zTmQxZb/cLv4snZQ+iLbzNZba38TJfvPypXo9UuyU=","EjLj5A7DJBLAoKCxFaTGY/BnwFvbZT3wdtnGH1yDWac=","KLNYoPhJamiYhk1j49TepQ8djoZyMu1y0EjshI1S4ZY=","ImswUgZjXRS3X8a+6Vqa/qkhxJ9aFXLYvAOvamaxB0E=","9lmy6YGB0WoXJaHmH64m1RwZsEubni/aExZAPN1+Fus=","Yyr/Lv7cyxFOFegD0sHvlS03Re/k0vh2NfZdYU0qFNY=","Y96OfH3xJ5oYfLT0P97ZsxihCwAD+m6K7kljWfHMhRM=","uTdVuv20q25Kb01NaV1YFRrhcsClCMgnsMRQ6GyuSZ4=","/A6UCW0aLWhhiSRmvjedXNmwdnI2gqy7AFvKXp5Un+o=","5s1fFZ7eBoMfbuQJED81+BuE2uTTF9/AT5FWDldpFek=","NhVHWUgqoK6cmnFtTFhR8OTaY0Tge+XOqvdz9xh9VO4=","IwB/k4n7sg8razkllRxgAsB43EpMsq719IQCO6J8RE0=","GNck8xSf6N0XyMtO/jt2wynfCYdtMJYyhz5TqgBWpZA=","4Vpbao/x7uU7ERa1rl6msyx7dfSbLZrwg8Yz9t0KVCY=","WabtHAKeYHaGhPANjQa9vfuXYVsC4HNClPPQx1tuXF8=","tpreW4cVKe4940CM30xIIVJC4/ppLq4vsvY6Dbdb3xg=","PzgChCXMPtaKgLVIOi2rdqNc00zsRmlsBzX/zLUyiSQ=","oDERiXfj1msp7KzfW9a/0di5RwJqefpQzxQ9hNkCKgg=","DcKzfCdxUS8LkkVQGBfLUNw1sO42ae4wdOCrZfbO6G8=","7ysxf0WryU/IZykALW7wv6IVNWAsNngbnIgp7k8MUQQ=","l++HXt07r63hNUNWDUqdlY+3RRCf3EACPCbqo55muso=","lG3STfwtmLlvqlOH18U0Oqdm9b6lwCRQgaMt17M9dTg=","2IRuV5/fE3/L5nIATThlh+UYjyQJOteWm7TRiYK7/i0=","JhGJ7f6AbDAYoM9blk6MPdXHfchwfPHzAw/evcWKxns=","65vVyP3sp+MVfS2+Zxwo41G4rMLei2X0iIDi/f3GyL0=","ubA5M/fmjs9qQbVEi28PX4vl1yHrB5bSvcL66Wt7l58=","BY9KYuHYXd2xHsXlz6F07wtm8mG4R4ebtrr9pfbxf7M=","L/WwaQAGHjG1IV2TxJeJcs5UnzPNzrGvlvsj5hkSQPY=","kifZ79y9i2/eONroVXl48QTCUDzG+fmjw9JR83GvjeA=","Zi4Qdm/xal6PRUSwPlb5PYM6brtdgqW5VRgHZPNAkG0=","8Ap2XBfRFB6g2VpRSbxe7thKtSFL11/811cuKN5Un6E=","9VJikJz6dqyMOF/R9Y5pKK5Izx5E9IuvsAq32ACBUSg=","Naal8DMmcRHWDE3PR/Zw5GLs/lV5IGyQnyIshlacWRA=","oGySEuxkUiRETqVycjH+eQwmGH1nfVNVSMwFjDnwkC4=","SW4KpAgCaP4XpAqZYNWh+YCATGJoe0SueHGakrsWe/M=","4rUBZ/0Wu3SZx5omE6HA88oxRSpSir3oZnJl9MYokxs=","CVRV1VyvvbJ7rH3ECXuLJzZOuRH6CJNFtxLYZ+Wu3Yk=","KgYJey/M1Uw9xQ8/aeOPYp2S2xq5KUZ3WXFk/5z2ZL0=","YxNEJWQYqT/m1khOsL/TLLRJ3OJ8vwe+pX/r6BCGpDc=","BJeO+ZGO4WmqX7OdgBTnmrF2DpnkRJayM/FXU4exNC4=","BS5HMbHgcUwltaM1rTSE3ZuDul1cnhKg2DYdAtEVrZ4=","FnII62TxjStKBrnccgeGRGjHWc+q1PaCuA6TVtuOSeM=","dzUWFVx2BQw8fovE6z0WMEO4SIn0LN4Wrqhy2W3rLXc=","chu7oWBJmPllW1IG/v/e9CB9+Vo+44mqVE8spWs1A1o=","PR+lQhX/cDt5T/0Ef4jS9eRtqVaNVfJ7KVg/+vnZea4=","AbVraE2bhr+KsFAf/ve8p60qFQqxXRY/35HSZLYIqKI=","uUNUjfMm/hxR8FOU3mEA6ofWLlfPteVjn0q82GUyKNg=","QMZzj06wwFT7d8clIza/F1yd6vGo6nCOLs9Jps4YZ5U=","EC4SAof1ozp9os5n/ZiEFO+PTELP5zrn6wlolq01ztQ=","LoGUNYMhPQGqrymA+jL8y8342sh2mn9xHm9GEYFraS0=","MvgydqGQfTCQxk1yUzuI+17h9L5S0pD57ZHC45xvstw=","WwX30mvzwUqFNmIz+B/v680TofcUWpsfL3V/htZ9q3w=","d2yFRk09Et4/5DFuhSwPcr/qE6WM7q+sxyplv2WNqzE=","nN7CC3Atj1ylBgv23id79hYaHo/Mf63bTtZuWVuK9ak=","8KT6jOuZgXDvv4flw5eIPtMVoBek8axmnkuPLtRBVh0=","KONzcYBbqmki9Dft5ekM4CacL5BYZaDYmmhIksSW3qg=","UgWg+40ttoUVjJ39oHoq6AigFgGqCnEKapPJgUfXXh0=","j9HYWwNhE9JJtHKH99hFLahog7JkLHGMJkxp7dLPFrU=","fhEt59YkX0MgSfaapYnHVV591Z11Fjj4KzzIsFarIPo=","ZvhxKJCDP7IRHuxLzrbDYxJBNYuRlFZT2cEjPD3whZI=","/8ErkyvFHO8ahXwYYzUUnQauK8SpbN9n1NLKCZ2GjE8=","T+59LiBaKaQeSYb4aKkAzliYARXlQImxNlpzys2u5PQ=","clgvtwpwvzPx+NkG/xE+c+X08BHOloeak1jO8TO5/G8=","nfALBH6LaOB12Nm1xBfw+MrpZaQN23tamLxGbQRMins=","LMytcY0JA1ubhtOKDRkVpBDrQtX7+qS+v0pXVxRc530=","1PMFjCqd57nXnwks+unMIqzSk+Ip/Pmwj8YQupZysIo=","5s1Z0kVVVolJa1rr/9zMv+IKufICgWMaAJ4Uwov/1io=","CNYV9+VicC4EhpneO7Ok2lA3jWZ7B4nA9hFPsR9lgmQ=","ROHZBgJlFTuMPQb76L5P+7AW87vYsNMsI5of7cHMSzM=","fXMckSwUa0z+wGcKt2c5TAE5Xkob/M3soz0chU+48YU=","b7Hf0B9NYbcOKWmDqC7GjAZRAyF3yHlE/rYYEOMnH0s=","+NHaNXrnzl9/f0C6aT68bokorXpcLSazRYKYKpXB75Q=","cj2juqQPK4pRA9nvi51Ayh7osLLknYQS1i5wHPZsFEs=","p4Y+hqfba2BbrSrLg/4n6brvmfE875HBWrwUp3M0IFo=","dywenRPgRg1/CAfztyydJIDExno2vhYqew+fG2+mSzQ=","py7mXIglq0dMaBg5H3/cbzKn73sIdGyHoGgwkH0JD7M=","9JuilrcgT30A2W3p5v4/0ApSpvpChGShEWwz3M+cVcY=","uowHG6W2EDKNWibyRKZHr7/3UG3vV4f6GF09EvmD6hI=","zlGc0OZCew1cflZBscQ66RtQGMQIA/rKAtg66BkWFkQ=","3h2VaRGW5nzIOlsMSsVxoIxkgWTJPDupwTYyWevLe08=","YNIgzkTWinKQt3qnJvOxStbwAT+hSOVg2ejakYS7MYU=","2/sqnIWGhcuLrYaqOSuNqOALeAXmBRqQcjWVjbQj1kA=","JXySSlDcgH9oVP5uWmxkA3b85kPclWudeWdvJiNA56I=","6JdiDG+VN6J0S9D5IAfUH09EDql04mrzyEBI32Ma0o0=","DzDPn2Ka2ASIsmDL0TqUf/n6rlfZQpiLzkZuQDHVWFc=","FIXLPJ/4Yr8Tf1Pvvfnhtnpu8ZpZ17OgpIT8cuBJA0w=","nAveRlkRJoqT6oyFKTQ0HrHRjUeZiMJhamnrX1ekCGk=","5Itp3MRhxm36Ql59C+AD+16a9v0vl38oGX+8INl9C1A=","LeVWjvGN7fyaw9mJWiRSD4Sk0y2fC/i/cXnG0boQi9M=","152Clh2eNWgsgFA/L7VQ/23xKQJyzgGzb3jbUbS1SfU=","/z1nHL3f/zfCDam5MnxWgBPAiRc6q54LOHsSHli+yqg=","1OvboKWCWF9bh7mLdYePhi3JLUaiWs9wkIunpqoqOpk=","JtqSo41dAlzNeMh6uSnHJpv5acyYtrxxeCQgKA0ULDY=","wdSdKyU8bswWinDm1a+i8ljkHH3sk20eT75yM7WbsqA=","aarMyabESOK80a/UDfs1PHceshnr/ayqEuEf5TXyDxQ=","rfmu0UpDzSDfu3GIkP5ZInLBOpkjlYEI4fGssGmL1Lw=","Gwvh/B7+2iQva4PGSp62a32W7yP7iPUeQQEmHRxX+N8=","jDcOmobGqRF/FgKChBZF1agkrin7Ss6uLsPoDgUn1DQ=","z37VgkOGlIwh7tbcg2+O8pGFYT0114ivsRjjq3zdx4c=","zOEplnPshBXzOVBtPhSqvKunkZPrL5jwmAntnzpHEFU=","qmr0+JO3F2AcikoMzE289ghmkYFpjuZu/ZTuEHq8ttI=","lHEbY2smfkEKi8hNfcREZ3EBCPSbTC+H8zpErqMFIOY=","iTAOsJZ6agU/dURkpL5YnDRPKzD0cqzEo2OxFipLAAo="],"block_size":4096,"path":"static/js/content.js"},{"block_hashes":["fIyduzzAVeM2MJPfFzJfgBNcFmaS0ZraZa0Tm8K6EP8=","xeq4/TVsqVDnh9QF9nB8JH5libN9ZQVLMdiXJc3fkp4="],"block_size":4096,"path":"static/js/content.js.LICENSE.txt"},{"block_hashes":["B2BLtjCVZKwXUNnAKcAf+vfiQ5F4AlRhNXEZkFzdYhw=","hJQkiYOdNdLIDMIaO6TizlSdR7xvfBb8QAMNe6uycds=","PkokfroW7ZZCSQZUX015KLitzjMjbOgrs9yfqtSDbN0=","KYpA+hxJVLBCVJr9ljUeoch5wh7g/b2XjAUsKJ4tS4I=","vzEvPJVqYj0cpqNpeKPBwE0HxLELMMei4XJwVxsy6Bg=","ulpbIYLsJjL+Wodw/mJiBUjo/M3vVALEOIcZ9EHtEcY=","8CxeLmdt2caRk4wQBGZsCsQ5KyJtW+SAKTGnod5ujaU=","cH5fI/iKNNDr4JYLxove1Q8HAAu/CMiHTqPxQeLLAtk=","PCwU8xCc4S+JvgSAbBxF+xnTZcFPyrITLELcFoWqZ2k=","0G+eYhGbj54LKSVcVLE//G96DPcx3+rXqbZRnW60NRA=","dcQKQxP2k1CFkOPJyM+uKwfGSWdAzUeB7UGt8CL7u1I=","/SP3GbvtqtqOH4PqemF72qy6aBkUHvWvatVs5IZ1u/I="],"block_size":4096,"path":"static/js/helperScript.js"},{"block_hashes":["LcZ4UbWwYMqb2cSgCfT5MIkPJB7hNiTv0VXpGWRQVNI=","E0iFT+KJ7aZJQwUaPJTsHAH5yCvGHQvSWP+vFIPA244=","tyhSrVV+Oe8T3daiLOwSNlRvC6CkJQJguMYajH/zthk=","8xqRc8wxS2hrgqp0ZZGlr0iMvTZnqdHowOPwv7SoW68=","Uh8Mt/Y8QECRiV5GiEwSi/vr5xKafSupMgyllFYRQUU=","jBZ2NeMGBk9OCvAYXgNLyzWFAq9DDga5h+xvBXeJRl4=","tg9yA4Bke58pbhaLZHFdc2gGshPdDJUdtoIuK15FOA8=","qF3UgaJw19GqfGK//YAFYyWnI3ROiG+N/fN9yQO7i4U=","27FSA8ZuotblmAcwZLc2gCp8DaXNuKoYDHRZ04t/fC4=","U+P124aIfauTGK3kyQLvnCd2bR1OKMbO4ZeWUIoVyMI=","+QsV2v84+hFLaV/QLTA6SznmtocFQbEJBwKtWjuMTT0=","bke72nBQnjTGEWpVfAGhuNaFXIBOw3wiigvuO9i+D8k=","R4PN8I4LZoU/gi6i87wFhvI3dEdGR6lwcs3yR7d5x34=","AwVPZyNVVrJRohsQTFlXXjxZUdkHWFTq0cIdOckWtxc=","X8eJWSvf+0K14Dsa6xGF4HYQS9slMuk2L0gXDdAFAyc=","4z1LSngh8/7sV9WbmD4u/HpQcY6eqdYb+nKZvo0MfXQ=","ugIUTFSRzeksGC6yPu5tz1nb/L20fCDv6BAgCBQMR/s=","Tfx1jM0STHtfF82fRoWEYPzpW4eYbE2Y4m8gSWhbeZ0=","z78HnCYaVLwOzOelNuQ79gvTU40g4gsWDlxRn4MPxz8=","HJF688Pe5pz08fJNwXCeoOt5vE9wOxSinlQBh3aWRG8=","MtDlI7ayhWwPeNL8vaMySOylu+8lhCSoxDYoN/tKc9E=","mexjyJpooipIIP//wxmb1pMgWcjD3j8yxyT4lc/JdUA=","31oyuy/RYmoP7WCp5a38yC6cF7rqvip6LlrtUpHbkx4=","rLB9ut6ke/OoyNDi5ER+i5NH/9kdnjuMoW05oFSglZc=","nZ1YITdQ5bVVkLScTDVTimln2kM1lCYinpKbJewzh9k=","UPz2NVzZhdIFxpNvYdU9A9xCf0sWIAJPoRQOOeDNol0=","qhTlWecu1MsqTXgWPNuVwhSAtTI0zNghtJC3agsUm9E=","0LOR9LLJMeB/CPygzd2WdyxMhRMt6aNZl0EQ4ITGfY8=","rpF3Wx4xPaskcmCpjzf56I4bgnYZ8eGk9DeAQk47P+M=","0VikRu7sgj1dqabzBIFUebKnbS8Ljho5PNPYsOBsIOo=","XEqRFgguWgpE9WfsnrKJnAeYhzEa7apRrAXM0wflzSY=","aNNJ7uvSMLiDMWlAjOBvbpgTOlXZjrIntNzdZRB4Jjs=","gJfAYOuliqiApz5eXZ1C6SVwJnK6O6kchev2m2HB34o=","M3CByXTzJ5ZMmAcMhQ770tVAJpihOMZSkttOvQSAHv0=","kJFtKO+/G20LA4WP2e/oSgM0BZh1nH688CmNTX2UIrw=","D+ozAZYto3IdaqpBsmehmAgr81h/5PognG6raDgczfY=","v3hsx4U1jjfkbfYyXmU6hG1jzNV2YxFu7ML5X4z1Dk0=","1rir6nA3MZqq7vSl1MuRk4+42C7AQ7tUGjyUxuJupes=","lyUT1N+pIJWdZ5LO9/bi+HNd1GN2TKWojBPfK9Eraik=","W0bq3t0zX6oJygUIJ/5fEpRs5jWwu5z5dOf2q+hKQXE=","aoUqLLuugZdKpvQun+dbupDP96lObnZVCp8qaAGqPvY=","5L1rzXH8Dm9u7afV+l/fjRyrEGSMQ6cgKvNrViShxVo=","xlr5OXH6/SBu3GT1KLc2vghclNHE3HT1zTUg8Qssjb4=","qAWWBqTZyXtFS9AF7+tPAZwaB9Jco1Qg1VWe71omkFM=","MOl91FZC/pLHBUstnWwAxAkWrsJP+MhFN4LDvYwQ69k=","Wv5H0Ro2EwXjhEAIRRBO5q8jHppW1QxGqmMLhpy8o2Y=","llhQg0m3zWXK98N36LmH5nUmO+0dNzXh2F0tPKjQleY=","AKyEgIumT/OBgZ9G6P5LxGI6wO+nbtdpslqE8ZD0CnU=","K0KHkjp+z4lzvrd/3Lu/CL7GdxA1qAbe1wvMDvmBP1s=","Dh2stEJi558P7THu+uOVUTdcyMMZgI60h0mmho+cf1c=","lS5IeXNf4ubO2FlJh7FHZNd2gIZDv5e6R+4HyngySbY=","IIkIYL1CY/roCZW5ciUNF/cM0AOkjijMLCqKyhutgPc=","5FvpASNTytmVObmfGrk7+INDQvmzw6qDSlqwuBwesF0=","9ytYtTLq0sp6tYjnBpznPfxRflclN7+lkX9S33gFw3k=","z0acvZG9UZjcWdayhVCvzRmP2FeaprH7jxOnVxGeAdw=","j8pmaAqC35ph1gAtqjxR9YjHRCJDS7e+sNclYE8q5EA=","RNTXnGmECXYrn6SOrMzSusIjl60DK3+tvmn2qfdR+vo=","YKrfc03xYIXgIYfOC7s842nXTnsV4JA9FV9IDldHHYE=","lvYsfovtYUaY32uNJ6o6v7/cOme57GWsOy5jLWThtzs=","z+fOHvSpbb9en3vbtG4CMJl0bR8e5exV16gLodFBJ1U=","fvrxaF9LQ+FVc5KKOCyVtSX1aoewQ+0GxASLxsmvBHE=","oAJToL2lOkRstXhTE268d4u8UdbHNjkmbV9tQ4HqXNM=","CaNpRSXB6vskrfGUn8OxIZYRfgiLv/mTFpfqkRnxI0o=","NVjJqHhxUU4+s2fG+9IRG4tT4OGGGAwWZwI2GQVsAL0=","/gabO1cp/mpZjhK0dHHCEDhIId7rmYxtMjvhA7cSU0A=","i+9XOqf0oIFWXLFFDwug+D23ij2ZwO08OHr8aSYAuIo=","v/eenK1c502uAHVyXg8J/FA6mMne1OooKSikSuXWfEA=","0DlHKB7Wkdrh7qdENXYFP6mNR7A913/Y3oJHtWRFAOI=","TSZUPnSwVlyZ5uzeUgRg/GfNQLqV/qjjyNucn17KSig=","212e29Heoo68WBcP61CMRtEunk1FeaRQ9/73/jUhHFM=","w2aBZqsKX9g/jz3ZJjGIsfrm29CP7AFP5mFhsz5hPrg=","IexsfoYHKGkks+hwyfkmbSUtyVPczqxo28aOvUHLwqM=","gsZ/6D0KIad1jfvPBACdzB/x0fBH9T5/1k5QNFEpgTo=","/m+sue9hx1Z9FJZmSBZJi/rdO5CJpLifXsBR4QlZ8qE=","zZ91x4T9A79zqGPxItbtPUZvgEPCaNTEMFMw1ut2B48=","aP4DHddJrsNYdEuoVmWVviCwzXONR2lGTh283/NhHEM=","AdJozC3oO/6nD7mT8wiTxRDP+Q3LIE1x68cMMcicJq0=","nfL40803Z5q/eD+qv6LWnjEZ1P5JaM9iUzhX4hkG82I=","My/2aPXzt7FRoZg/kwE+zWCqpu+DfEsrj/QDbVLuB70=","tcUESxA58ZU8iRPRwcSfJmpzzZtg+VnnlYd4I3VEqOQ=","FC3cStlDsBdNkYi4gCnhTwl9l0PjERhlOs7jdfu/Or8=","2rQiXW+v/bTe2RhI+pyE6pWxv2Qk6FdabGWYnvH94lc=","NIJR1htzXFpsUozhU9uzKpL0Q/LHvD2DZ0RPTHPxYvw=","gmsTbw3fIqeJF2aXPiyChqe160PFvT4FT17TLMyfUF4=","9YSTD/e8H888cugpEAP781v0WDH02udV8jHtD5An9dA=","8Uu9x1SFTsCTeaQd918/yuLL58d+U+bAMBdMasB/zJ4=","o8DDHgpZYGVoPTqdIx5xfmcUe16HCo2SzEx4X4Ho4XA=","CwtmLI5Xo3A8LSIBnMxtjFN5SbqgTVkZSOQN4XRZ5qI=","Gh+r1ivjJmYCifc5lX3Y0l/TfGx4oeT7mvLjqHxnuIY=","tOdGstVQjxpW9Ei5vxnnbhK3PXbZYdGmXQq62YeD5sk=","o8gfu075TeIZjISRD2+OfTUGZKRtqktjGsKQEKYs6eg=","6bghdWGTjzUwULt9Gs92EL0ONIH3tSmNqrIoL0OH+R0=","FLrA50WFqKsC3t58IoajpcodNscZla54K5c0lZEa6xw=","Jt+xzXcysQAxEDt2Jpb5JcxkIK/CbV8NKkDgxf3gdwE=","kQrj7lwWxUrrEeX+r9yKNG7g8e5qetG+U15oOAtSl2A=","1HRc/FuPF/TI6tc+GfdC36adSwrf1oeyOZ2aAaHdqEE=","IUH8dDtCeNge/vdsVD47jewnXle+/rUNyOLJhwGF+RQ=","YVnzV0s4NoEfh32U/+2gmuWrqgqOQK8zJdVkJOU9cdM=","S62Ffh3P+vx9vK2IApRIC5VkoKKA3ZnqiUMyKX+ao14=","kTUT2iun/IEgrLKTJqtBLDYfkN+KiZD6OS6ei26Z9Eo=","oXn0skRQ+nH5BscMpeT2O9PUz2yU93cw8jAic3l6DQU=","5bFGQ7LNr5aZ3Hb2GuGuulFVPlUbXMDzGsY1LtmsrC8=","c8Y4LYWm+KTsGNBeido1wx58BaAWCF8TYXy3Dqjg5BI=","+bBSuxXCV5Lgo2/MM3501/HC3vAVaQbRwBfTmjyS/ds=","3/aKQ7Q2GB20Uv5+biuj1iGrGrX6HPYegwxxSYhDsIA=","LFUYfqq/WhRqlBgv1ZtDg1jE6zh1VabhQLihtsz9oLs=","/zmDGag468HDSvJwr9h6qRer9at9FqV1oq4XVNEQBPI=","/yUi7Fku1q8is/QUH+UFBLcMvNW0I8lU8ltgYltU6hM=","DjieTzaVsY1rUCKvBb1uNKSj7tIicyfyX4tRsRkZtEY=","Hw3v3HN+4N/TlvxbTQCcXLjGpgv2J9fIxd7Qa5Cyvt0=","H2pq4Ad1YIOZUNAHqyCgZMMwTtosKOLqXqgKsg7RlIk=","bUhhyiJtchxFHWGNyNT82JfeKt+o9SMzATrI+WIMoQw=","kL2VNU3OtFBjaPtLiWfBudVL6PDz/+5CNozbMlZwea4=","GeXxA4C0V3P9D2ks/JL5YeFzsSsPgP1dqKb5pGN3fLc=","HkiD+HsUzPhO3OcNeLeiMhDI79CUqi8QW7KHv+F6hM4=","o9CyWBzdjho2k2xIS6OY3+Zz5YMLckLkYtbH3vaEyWc=","JVlXZ0aiB7qsEJ6NJ5XlsXOywif4pe4y17BjWZJpU2E=","phiP/A2q2+agyx1+2VwdCVClYmqixdlQP2P2xBAAtP0=","H9GAkd462urPa6XLz1+m12K7Xt5GtP0hrJd03wgMc4I=","ZzKCrsTFPNvdm7oVJuxBIRCmFTxsMqGIXETmEThA6E8=","5Xk1eAJwj5aiRUuM1zTL5hCigcnl8/pdmC5I9w6ic1w=","vCooXi92i/xqW0IWYD3vU98Ddi2My1JzaDNM2RDhdLw=","hjL8KGRcQBxfbQ6dNOI2PCobJ3T4HbHkgAi/dfoKqS4=","o6qJ+06GhlSyEFq1AipbrwAQtmbif7hhrY5hxbcHRE4=","GHsAtiQbdBRu1EOA7qUI9Ya+ufduEPdnVGQ7DU5EHZY=","5LJ6lDaAXreMnp7KuA//B/vdrgx+rV2sJnqcQenoUdY=","MzsoNJxMmFz24c3Pd2tdKIwBVo5+d7p5K4kbtkt8Ebs=","r0+vBkxjdMFv6BYOMYP2N9PzWVd61QsPYvnBce+wBS4=","1KdKU6/sMiIpPVzUscVIiZ9eC39mXiR5UaECSpBmz38=","Hq3h7rO7oVJva5ZkZTuGq3eXcjc4xpkK1ygts54OmEI=","dHXY16ngOp/20Ie1w8QOf2gWHoOYJFsbBv6TPN6H24M=","IyBuV3P1bVPTqefa5xWQS0ka7hnA3ibJn4+n6bfYVyk=","OlLVdtvc7jVVFfQ+ul7nfgj6hH0wkq7+jt5Vs+yJT6Q=","+N0eURd8as7cXTPU+jciU9AhuNx9UbfxXznA0zLz+rk=","mh4oBu/YpBy0DpHyE1hxnl3KjH1t8sulfwIAcdtvv9I=","KFzf2DqifL6GSIBgfdI1A2wq9vFGqyFgEilNhxsfthg=","8XbTx3nB+yk2Oll3g9E/NlUZ8DBpk93BLaz8cV50SWc=","xWVnUt53R249J6XGlFa+FO+2WPza745IE/zbp/udLFY=","+2/HgCxa+iGMJ3fvrMz4ppYN8gOb5DGLcYFHcY7ZtjI=","Ha+AmUmhF8JAOryVo4tkLd1pZAbrtpEIbJyG08DhL38=","mxa4gFKmQifXx+MVXzK1zrZEaokziplWfPvdFIb/oOE=","dw/J3xnKz4w3nKqQWdDp0tKVLXVrfG14MOV8nkgimVw=","h4fwEhrJzBMlT13vDtwl/Q0dLoGHDzEwo26NmovD5JU=","8zdBGEug8lfxZD2R12ULVkk6LRUWsfSnrNH9e+GJ4cc=","N9n83+P0cw89Ww6eB71SNbRInq0x+jAkfuXLJnVstC0=","aSTnzLAPy8SPY3Vl3I79BHEkPS+jzzgi/RLNj3INmXU=","38kzaiUvTlBFIcsJZT8o61nGOaEpKs3hjrxwQH439lk=","dGEjgZKI8xKrRWnEiyWgpVji/PSkxThrwpUyIcFrI7U=","9yBtVwt6WA7ubnTVdu5SqdAktLxxbUyxMngz2tazPQc=","ned1dT2PDrE87b7DRF2g5Q3sBIAQQlmwwvzDNi2u5HI=","jvT0cK8bjfs13boeqBJ57Cy2ekURLDuZP9Nv5fJcW8M=","cocC89MHP/4s15JnZfj8OnsrVaLOTk2zsre1D5yY9rk=","2I2cc4C1xXfH0RHkO1C72MVU3RVXYbiACZLKhjT8M7E=","m//IHx0i1+kH0+RNSMQy4/8OvzaJ0WMR6pYEfu9hoiw=","Wj8K3rdCCR8Xs4E8DYOZVVvh/K++83Q4EVpsTf8yx+Q=","o4qzkEEk0TgTxFEe0/wn5bx8sYQSax7Z0eeH0+dNUVc=","6HKkV2lu9NsTw5s4Dv/iN2gmOFqcfhGHfG5LjTktuaQ=","CmMLmtJ5kl2a/LklHHenc6/YYLUd3encjx4jLPpoPIU=","7V38Hr3UEhfg5IT8Hs/6ZOdJkNkfD27pKtRMJTALiy0=","+O+ssjj4kfXEtC39ueJRJ/3vhYH5aXNCFRmW2ygx3D4=","38OZhdOQTvcTRu4ACrBcfQSPtddPWPJ6PCXPvzB5nWI=","yL4cMMYsHpBh5IrDAjB3KloWsLMlpGW7L+q1sE4GR6w=","5KQUyqe/rPWtiQ7AGYkpfXOfHElV0KCIyNYaa14zUZk=","U51quY4CEFoB+qfH4KeBsOLVHBEvgGpdrNAkH9V1DJA=","PF1EiXVe0WSN2fDZXIKpq2bN+eWdPdXUJ2AfaCQgdZ0=","+KJjdvGZl0+d/5/+d21WjCsz9cYE3UELQhCgeC2AVLw=","sgEFS3klDAHDhNDkODky5Ez++qyzrUXxzmAOyIm1zrI=","DI+SSXYdSGqfJs48A06ZOtxFhPAZciPyvNvavrPNby4=","fiTsLY+ifOELWSch7E+pCFBzk9I2sN/zYyV2flcslJw=","fguaiyfbpHDBY2w4oXu3jZT03yu95+gTov+lOQ4u53w=","iTA5ZQOrdLagJ7H9epWBMX/P+CJyERO6cp3Ad3QGXnE=","70huVaR5vXPfAIcrzV3cLatzhf/amBnSCOBWlhJQUIk=","+kn2mCACHxkkuS+1lQQlz0AofnrG43Zhd3PklkPTMnE=","1Kc88UR8NRBBAMTD6YOEbRACV4CWY8r4G4Wr3QbNfVE=","B7w0+SG3Q+P3m7woEfSa6vLOfMe7WwYU7uSkHoF53hI=","TfJaIG36nE8w1n7TIlaHSqz/VdDV7Xr4HYduThdHmFI=","on5hpX4hXf8HIOmP3UKjWXcYrEu5DNb2wx1D8XJ6kIo=","xCtOa/OTirLTXk5uBt2WBOOAfI/dVvPQ/y73zwvLALU=","VVU7732gDuxcgNcVI3gKCCcpPNAdNeqXE28W+NwTnHU=","5fbx5awwlhVCMZIRgKvgloZ2hagoLYewVPXeTkXEYvo=","a4m0TT+YZw+/X7cZA3E2QQqqjermfQzo+64wrs/S0/4=","qOljgn2TggRNTQcOCZLqi4+xG69S8Koky2c797mF/CU=","El1pAkDO+gdMBRsZIbw2cr9F0XsT+UhV0a+F1NMcXnU=","wpGP9IbWPXUzNfu2k2QK5DjNKD0wnQNPJcyeTsp8MQk=","3AVsNrbN5KDPsmv7612MUZhLPhxr4d0wmQHYUY0y0QE=","eUtahPZS6Gdz2VZjKedpLBBgOoV2KHir99CkC3PRnlg=","EOkHfQekZUzQvaHHX0ckU4uJTqL7bfHgIBboCCQkWeQ=","eUBY41sdWvHFmK/5H9ywHsdWuyY1BBVhTOuqA789O/g=","cKnp6xrZeBxljsLgo2s3ibwx4lyfbrb3PknC2k0ti/Q=","dQR0mBBq0/4rnZuqPLU7rZK26WIchQUaMSq+WULY8To=","TP7cs9onK4e2KQ0Xf1vlyi8SDd7vq6Fvu1C0xc5Ho/M=","w9bkrtzK3PP7iGHLlHoX6JG5V6DFh0LF5XwJ/mpGhO4=","PeqHavhDjx5Zl17XwhlwpyBQXKDoOas3tMDynSdYEjk=","U0wi8CGBEP1SsRroi58w9Tfbhe6B8XHTf+L9s6CTcw8=","XYCN4R2UEFfLDXA1YmJDbpwYy1gcQKRIA8GmVVd13jY=","kmJ+5ESmGkWqGZbMALh8rVQuVaJIPFonPs2PjE8N7n8=","ARbS4V1uJqWO9qLF6gzTt71lFik8D0R/5AIwb2FSibk=","34TDndTjQuTOG9JkUuyZGycOMDtRcKD1UPV4zUUYXFY=","k2h0Q/ClMpDuIuU35SXChX9sVnNxCcjybZGgq2PMTSo=","jxPVSF9teV1rZF07s/WmWVdjE2NSevDj/tpPuoZQuP8=","u8QjyuueEnWOCxUI8VpwS6IS2owCtVhBc3QU/+qx30E=","feE3WRdf8k8UPVslRNp+vXdZ8io5xJM6m/wXe3X1dEI=","6pdhlL/nDQ0GNK5y60SUP1MpXq7UUhLHJfDpVF0F56g=","nTKeSC+ZnUvmnFTjdOCI+bLN+IQ90Cl/iNLL7nV/ZRY=","sRQjrAIFTBbODPKE8uatQBoGthLJVyT+gAOWCh9f+Gc=","mK7UtzxuFOxNcpMqxmkcW+GxQJV+jBQk0XT+24Rlc6Q=","IMBKG77wl6I+xxgHEEpzs0exwF+CfsRfCai0KYh8mMA=","Nb7YQVc43CwAZtH6J2qAlyM3pyJVqvh9pfao4lXVmO8=","BjGBfEBXrYHW4dW2jqbdRb5bbILxXL7UnrJAsLFdKTo=","yrEBeMkSfvgDSpZge4HydWR6v7JvcwGUD9TcUw7OaME=","6IAfX3FjL4IjbfUqdng50G57flFbtJ9ziH1tKJLUPxs=","5ETfj1OmawX3kNUv69O6TzW5hU0l0s5VyHA72G9arUI=","krGfHNsvDXUryXIZ7EiFiZ2bzmIjAdwpI54uvn9Dul8=","OYnaujmyx32Dz2zbp2MimNubr+Ex68vArCIddFKlgaA=","t050tG5i0lCjc7dT4TsuwpdIDf9ABFEmcMcoNNMh80w=","PoDdjgsT0ItAyAW8c9sigm8LW2q4bcGq85nAmMwFWg4=","N1tMUEKJOvMjhBkr4wloQLmdIF5l2ysMgs18P9PBBV4=","QfWHg6kKkOKED431GJDSUJsa1OLlR1FsJQR/xfTBd6A=","s1PmRVI9gD4eL6II5edWYWUV5V09S2px5a6XluWcw9Y=","WzWfHoEKoG8AeBT4Z4x9XLcuIfrAMFEFJKRiotwbJFg=","G3SNxqs/HRpRJ3te9rcAMM2qRqcc54BjrPclOGwNZbg=","5+g8YHvr4iYDM1HWoypz8Ruw9PanYJM+YrOVaqSX9t0=","GhY9ajRH2MRKsVzGsuNaHql0QIYNsCdp8HAU6E1bGBM=","WQ6bSscYvgGMvg85mToKHJ04haeeV4q8S72GyQ4L/Ls=","Oe4zuHh1B58xAchQVzeAtvUvkj6eX9FWXJI98PP1kfQ=","YjYfdRJ18mxR8w26RFsjsB4fpG1ixiTOOlGRcdnkAAo=","6zSvqiGD4jNVlR7kh3r76AiahN3eVFCtmWipbQFENPQ=","2xwowpqGnOuM/KhnEENS4R76qdmyKidOSKTTRqlT78k=","Cty+8l8I8EObZT+PNeoTc5g7klxEOXgX0S5CK28VAFo=","mY9f7bFvBMxVOale3mAmU/IDcmA6HUzTmp6a9A3YT1Q=","UkxUuGrElXeuJxbsie6y27UX/e4ZicpKj+zhZrJZB+8=","DRfVcux3aUW6aJvo9/Z99/xgSUWvHE9UblbImIobjto=","XEK6he3v+WTXMgUlHUhHVldOGQVLP/CnafdT9jkrwKQ=","48GkwaBimf8n6ABRhd4xkz7KNgggHuNlaB9o5o0FFTg=","kssoEXGFWw/sEtzatitk6lJ9ICA8ApLd5b4TNZaE4Cc=","bjoXwPaihKHEg8WEulTRiZWLFWIegkD9DXav/GU8QGk=","234XetSLp2Wal+ol3NjIxtoXC0sPHg4dUktI+WLAX6c=","xvlOD4kj7LV3YJ+qFaa3G1WFEG5Ulk0KiU69hXlBeI4=","CRnWcn4bJ4QT29bqm/yWWN2GCPGwTLEESE1UbsQ/c2o=","v3CJF8kM+v/M3odYSYWUSVZexRFg3lGP4bh8HWWroAI=","fpVbs0M3W7igzGcWXbBXC7+pw6jIMu6bHdiJamJ0ETM=","fxBFS9/zp6DG+zEvhGJFMyrUuMj5f970AYMF93Sbekc=","4zx6am4tT/JuAMtxNsaJNVCzYRB+8QT4Ex6Ax+dj14M=","d0BT5WXmJpOs3zI2rsrkmxZyKnYcLpF1t3ySBaKEIZ0=","q2fZGiKgz7uNpC5CCDSr5XjXjRpvBiK4M+oMvl7nxdQ=","uiKazzA87RmGj+e9GxXduZ79C5b1E0K/6tOcYnF7Wc4=","ds9cQt75ftMSUxznx/FvO21wiWS/IzLeyQzuNIXGfjQ=","5qlR2Ntw1eqlA8JMUtnbcxLg4gj73zaClvwXPc5kTa4=","E0mmy6qUdguOBvL8PqnjLAzIsh0//gMzb8VBZnQiSFM=","0/yQKwKDK+av7sQ+kS1xnApwZ2rt8x+/c74gdiXknX4=","ve/6N1696m4pcza9YpzNQ40k/K2o39eA0Rgf9iiDXRA=","VNSAlKHI9UPcNPKdM20gEuam+j0bw2ndOhCYAYwpKng=","UsyFMNIJ4cfww0YOvEN14F7M6wa3AlVvdX+1bEg7Oec=","mPbfh62d9FcZUnZZQa55a1XxgXh/qhJgUe8M4rKciI4=","m+JldXsHxdZerRIUhZJpD/Qvuk4Fj+iD9zomrHZl0l0=","B4AvcyG9ehxrJLj3BNmuodBKApcDc46VElVIkNgwQVY=","lJYAGG6yvYw7rXxi6Eno6wL/AcJKkkATUBtXiXQie54=","+Aaf/bHwlab/dMqrjqh5Y9JDiXvLkYmPK0CqYyJ8rvg=","hd7+o6T4cWMkgj8MKr4Cul87d60SDYIl0ikgTdkfo6Y=","LaRv1M4nCOkAisIsqcySFpJxvpwKTSll0H0J7/DPnxw=","druUPDw4cI2A5uUaZr1RcqeRRR/kdxrKfg6NfhPywjM=","dmFPVPpGnSd7T7bacx1o98FLmW+ksYoqufx1ha9aEo8=","AdorYJ59TYytPG6/mAii6csRnswAD1asKM2mPKomlZQ=","fMGCDVInFfNLZqHag/VZfHn5hhbpOB0gGEtYMbPifew=","TaooUej89n97M9eDreOEf9fchHJlAUVlSq3PoQCLa1o=","omlH2bjYZm3NoDFv52v6ctmXf890N0DtPFJjraRqMGA=","37eWkCiBIJ6b5Gk6ZcVpe+OyApdbMy4BAXYgTg7T3u4=","p64bIiaGkulrlggfeTVsUGoQNJRi6R5akl64jwD9bMc=","871xTs01l6JEFX2ab3JxEHMjF5j82heYVMo0Jlt3uWk=","wx7rwVC8+UOR+JnrWthG6P55lmsSqmmgdzfDCZ4aczo=","G+OcUBHtk3CA0QHyaVkZ3VG/oObNq97QL6j4Pv73AYs=","Qc3aj59ntvjJUcwvMoNEUtOEyhK1ccnFmcAHBxld7oo=","HDmfdoCGFo9m4ywoLJkSrRQEn/jvoEngoh+xLhmtI3A=","VK4ACGXmR1pIdJw5/wd5jxQjnyHgnYLK7quZYy00g34=","0ivRi5nFmWNhYLqh+EQK7rKGujrY7pk6YkxCOSLomeM=","GqT80UmvAf/Y2Py3YYkt8pMI3bkddvIbF5Z6SdciAco=","fP2WR/L0AyoS73rgWZem7waELO3AF6OAgFQhtftncto=","4dy4UclNcVUftZkcsEbJm0ebDzuQ+976AD1Ym2bGBw8=","7FDc7/Jcw4FpkuaHwD6spQkCGdP1/NM3tiIL8D4LmjE=","0JHNYv9ATnxvFb1aADvsaBRrr6LMDEgtMEeEWpBFQ7k=","e1jLVw+TAQfac+oosA9mYVuSi0iS8KfmdEoQZrQ2WJc=","64Gx84lS9Ihivh67aYVWzSpvvKTM5fpLR1JQvaaQ3V0=","E+hs3fZuKdY7QHWUmFJXeUwhW8GhRflVVF22cbdjcyc=","soFXAwlitJB7qMs5yxTuhchnW/nsZZaYgHAsY+F1YbM=","cx+FAfwG1et/YW5eU7YXwvbj8g9pskXBFCwHvAYiT3s=","JCKkzeo9mmgpCa343zjKX+nzaEp+Y4XVDkN7nLmXnAQ=","JD3kfVbu73OdU7x/ohh3VJID/nzkWvz3L6NJy5+JiW8=","ZOXY2LkgBQmkjK1zzlskFbfDWqFOn0mUyzwfSdTOooE=","/mR76uLbp9XtL+41hv82FykphWc9tqZn30yEYEPHCZE=","cOU+ezO47oAF/MTVkskCkSnhQ/JMd8a3iI8z0ZzUaQ4=","N5c7bNLlhdRcgQFTHA5lCX8ZavKQy7mMsgUXKPh5jQE=","7vcKKQbgWPhatBYCgKh8G3nQ7AdmcRI6SJKsLBsu8AY=","VHrzcXCdnGl0k6a4nUXP7IcRTuqnQQpb2po2aAHbAnI=","uz7/U293mSsQfrse5uYq8iaDNy6meG2BeLbLoomAuZw=","9Rf+yCuTEKKKRX8gP+5UO+jqgnmZAg7kYMMZ5cWk7fo=","s20WQ2NrupkU9lhyAD++saCpR/josPI5w9ZgamNEKdI=","OJUfMWOCGwAmSNx5X88rOjIcZ7qvbiH5ZTpD8Tp1sr8=","sAWVrCuWQyHYtgpxydd1o4rLBXclCeDJZwtBaiEI+Qw=","j8neDxaTGnrK0ClXT0NGfRj9zRmx4BERXZv/XfhIwmQ=","sULiyDKy9UzpcB1EVPtAs79Fa0i3NTIqRNEVgfcEbNA=","i3m4Wp5P9xcSxRpS5Z6KMHLgBEqn9gkel+FT6MwmS1w=","22hvaCOcAgOn4pb6MJUNg/DQR4gwyJHxLQ4H7NQqDvI=","BmF1KXHhQEebVg/RQPPDBlNLAKLuOZlS8TIlwRSTVxk=","kdL3+NkvyoIZ0Lnd5Edm8sTlMAoUs0YWQ3WkPbODw8Q=","cAQm9ASOaYxWrp6VBOnbjBfu0o3PcVDk+wHHFVDB63w=","3MVa6De8rcu7J6TMaHIjl44SLcbrLjqSOkzFDEwbJlA=","D7VYiDNZhKFExn4nTqSdgaaAj6EpNYQLE8FBHrXazq4=","dVWJsOHTdtnMpDAd1iKziTcdxXIogtFq+sEoqi1AV7s=","zLC1qUil0jZR8KvGdPAXicaFrHbHoT6chxoDwCLhpPI=","NCl+WoOip40kOe6Wx6lWlr7Soq7X3HWClSX7naXHd6U=","SID4+RurBsTB4F0TU5oXdsoonm1DYGZvL6T/6NKWY7A=","Ysd5BWk7w0WG+bz2MEsrZltaoIP2VbjH+KuYXViP4Ho=","r0VY1IGbT4f/WcnvHHN0m6vMmBepOmpbYX4rUaPdyx4=","TRqpEdy39s1gDEHJlT7bkfJsRUN9/FETeSL80HmSN1Y=","3efjod458hhjvQrPTJbJOHrxmhSbl+GBYjHgcdonXJE=","pPpTGsj9OJKJZwoelg69GapJhqfBG4tmeDZ1EkRSO1Y=","xZzlN8Z5bKn1u/9GDJ7B5U/eqXi8P9LfNuaZkWbz13U=","fFNpRcUgKc1YtXCzpEDbQThlEFs6l9GqUH2RkLHcsTA=","aWQZc1AiPfiPYWn+HZzU558X9y4ZGYGnGOHyTTeHZqI=","gruoSxiKSdiVqKq4wgIaTxdBnlr8HxIkWww3R2ML32w=","lvjAX3Soliu1a1V8S5VATQhSWiA+5mx3Redxu8RNTlg=","cObfjTCaf+6HhJa3P0lm2g6qwjLGXJjD3Y3r92l7FjU=","hX+ekg8p92wnJ6i9cvQlPH/Ws0/eRZC6uAqGtZFQUJs=","cMReSz2IM47MLoQgCKbqVSK/auzHfvvAH3Tehs4i/p4=","v3FdGsb6tijuJtklFXPqkpDSmOP8tJfriyAZqwI2tpw=","JBXyCqlzTKir4kPIJR5zQGbKi56QqS1KXYDjecqaGpU=","75RUAEiDf/P8DUeazA6Npfs/tpm7bJAdbwSRjozx/3I=","8rvpYsDx3YlqI3HBVH9cKFaBLQMrCM8uQG3l2pi4D3c=","ZpZ43veqFpL2JzrbHfnQaTD7H9K77mJaKvjT0TzS1PM=","GwGx4Rn+HHafqN7l9TWfAPAufguqa6L28qbDgoGcHsY=","ldSHD6j4TADyhOpFOHoV0s6eGdrWwED9A13gI4zgBFk=","dY4GARTRUUhKwXDz+vFN7V30PgixBfk8aRm7lCBd9X8=","6a8CWeBRNM+FQaVGnFcXgtYbK+48DeFpJ+aHpvAjgLg=","gDB+hh8+0GkKJSgMLDz+1RyaUxmEYpWB1VGq2M4uUD8=","XKKBiEmzjWKkPJguxowM4XLKMLb8NUATNmsZMgEG8AM=","HesPr/n++AjQpJheXA1GsJrMKVNiOSVPqfIkB0mNIHE=","egaIaWmPAizu6iOKPvfNHl5IkenNweJ06Oy/+tohGN8=","6SV8DDeK1I+VdkpDLyDR2qfilOoJMasHeikB53v++0g=","ccApYs8cBNuL/eJ+E9TxdLCGXShyN4FKCTcM+HV26EI=","tExI5dnahcQTWxnzZmpjJRjPoyEBSAzzQbQxabNDO/w=","sUuaKilL3K2LTYbjiccOIPFstDTAhjGMmNohgBUOsVM=","hWCHBPbiPUcubNOIxC+9tC9CbpYe+GEg5wSDkHpym64=","XfaxJUi30MdSjQGHNsqBM/7ase2g86qSHC+UNa+RGVM=","UrGK94yoUd3vkDERUqPcgunT9Iinz1aPqB6gunb4nQc=","BdQZwSYZggrss/6/70dNnzdQjEjO3P5RKzYlbSKbJr8=","+JuqOiNAToWSBRWE4rxbNttnnYQgdhUi+O4DlQX9NS4=","vlUuyYLtgafsw47HwGPyQkik/424kTHAS9VXldduQNk=","+9JnkNrc2QgO0/5Afu9G6mYblLnsuLKAiasRP8h8/e0=","K2FNnHoC5155u8HhJeFghIxRPGYYRFub8o9mAaOODno=","ouOrM8ruB7fD5YBlzF6tJ2oFvh/m0WHYccqEYxCWjVg=","UkE1hEJTGW1Sid1Zy0Rtcslcviy4RdqUasm+KLCvnEE=","eAAwuwWikgd1ZM6+oLj4eCvzZ/ro387sewFswn6Z/uU=","mBcGo05romFFPaw+11OmmEMPWYlbu9EA40O3N5N8UUE=","zo9rg3n6byunY1gc7KrZ/Hcum6851ukEsQq8Th5L3rk=","Br4yZi3yMWq2VbD62Zih/NR4nh6t8GSAQF/55quefEs=","voIU2UWLbY100c1TIDtHeQpZhUen7Mm45VZfmkuQ864=","O0/RlvZlVn9ZneDTGcPYua6lV0ABYWYQw4ex1Gf86aQ=","lJh+5s0rGhiLdy1Tsvo2wu8oCp8dK3GthDpwKWldelU=","6UoMKRiV9yF2/yU4oURITRkJ1NzLn1UEWytegC6oVyY=","AwLzwP1ufAyl8HrBW71bFaNNqHhlOtyYlPXRXS7JAmA=","Aweregyr8RerAF9MoFa5WiBwBe/rJLrB3VcrP0YU/m4=","j0FAWd3Ck0mts0jp7NvT4rNJdbus5Dc2UjwI3pTAAng=","PmPwSOsd/rApldvitRDqqjUzvNrOmf0NxXAmutuaZ18=","1R4KkGWdrkm639SHxgYZ91tz0cKWUR1kNb0G7eiY7j8=","JXchhY2beG0VXvyUdqvDtLx9AG4c5s67vRBgj2Z0AIs=","n+yfGPNiJCvNc/thRDoLQcc+Ha9X7Auuyp5wasUja6E=","u8Iknpke5FkMxExmWN5PeZMLEWQQdZG/PShPERyXSOo=","uE6y1B13O/MkPCsOIrIcMkrH78NDjdRzBMtPGLlc3H8=","0QIJlCE4s+xikn7wroAIJPFIe24N5Zh0yeczyANV57U=","rAGnh8tB5+JdyU93W2d24RkoIc6RMR5R797Yog9XrjU=","rSs93QdRc/MU6kgPa2tK1QkZPm52b/ZoF2iHN2HFkzU=","CqcItNdqI7w9AVdAkviWOPy3/ezDQhljX/fRgT36urc=","GAs5NZGBfed7WYkdXuWBkRTKn8+3k9hWJPqIvE3h6/E=","5dGJG01jDPrFi9MDPX8N2KlW2FPWmAgFyES9MlNLqZw=","y3/gZPr1LDA6AE1FvssKAU5424RrVSMyJxGWVEd1ATY=","m2HU88dWvf35AlamET+5L4bk6+oc8nFZfqRMVl5SOsY=","H4wr3uww2bjBtg9UgBPibD18wyV6Qi0tGkHg4aaAVHo=","V3134GeX6ijBoHjX1h8ci7TFopFvtog3HBk2v0G7fMY=","wiHNu8e6QQ0mIvOoyqLTY/t+p9LT9nyU5YSfDHNTiHI=","vEGEKnsKEU5ojszDc4daMQgiY3/gk48slwObdVVFoLE=","Y7wqiaMiMOpfk0Rb+cCz4Gr02gLRUW1wIGr5I8mql+I=","kBXxxpg9PUDuDcp8xwublMAM2Ryj2ro/dRapwUHU+wc=","KNa5HrT0m67USJrggEWVVJtvF4aLI762SX0Fo4FL3YU=","eUVCEB/0qrYk284cHdCc40MEYVquDXMVpbLCHLe4Bdg=","U9sOSrZaR2rDMp/CzLg2FQpN1pcRA47EVdXGu4sqCDE=","SU2GzvyyQt5b4weBj/sW9kC3WNaodzFr7QVWyhYzPsU=","s27GUpBU0nzZAZARuWw+P7/PxT/HYvF/r6poy/W2z0U=","ijnc/dmN0NwNnpSyjDVuGpNgICiiFCJcWk0ztu3pjLo=","gq3+76plg0fWstAKGuz6y80AZDBL86+WgQlokVgdTNw=","CWnhw93T5kqajbQTZsEoHsEj+oAdYPZvnF9JeFi2LZA=","6t7GX6yVV/V/60brkFfpy2y2JvbaCuq9cl0AZ+ZSEZI=","CYufBXkv7BkwIO5euoDslLUTNNBvqAffDBks4g41pog=","+xv6ogaKnAQA6KIRAwkj11wzPzXB50nrquDPKL/bOOg=","n/+QLKQtJ9EScED7waCW/Lk804EaVdcmcmilBXHNqyA=","B4Xp4d3bEdA7GCMJ9ywSdYa0WAnBawBZI97KXVH/UA4=","3cvot7mO0kxW5WUbgJPouXXU9lwSuK2Sav5gqWsiJXs=","tVk7JZGCjRL7auqzuTfOBbpieqGJlECyvoPhGVRS60w=","MWfhR54STI8S+pi0DuWOhEnDKxS4pxQwGajB3FAhuhQ=","sPWJVDPM216JO1OYh1durfgBQ99AtQIeSJOuVauI2IM=","+pWU2+4IZAz/Ha675t8F6AkEGO6xMnNbqv0yVW/gEPA=","80pohnr/Oa/AI/MRyc91I36ccOK2nFE+AlXY0bVm/dE=","RGRvH0uoxBhZqI/rc0sAbr2Hh2BLb91X0XwYoZDYKvw=","t+Gx/J7DU6PQygyqIwjL0qkisUwiOsjYZ16rgmznLe0=","CmHM1lWHxQgZMvf4ZeuIUtPB9PT5rozXVsphuZ0hUlk=","2GZVAg9qb2R1mKrKJ9C87o/WkcTwtJ5ywheJuDFt1JI=","NvtTg+eP0oK4AW76OVpSltbUg6HGONiKRRBYH4zPZcM=","uCYQArT6MgJ7LuzQniXl5cwlVCOxZ+96Du86SicfLiw=","QoMxL73xv4b7Zi+0QKO65WGBnHcuRZUfFbGsxzg034Q=","ZwE9tKv/deoNIjngc7I0wsoPSwDMJcjcYYmNxOP4jjw=","wKSLknKUTvikqNwubJABLfLToyZobjufH5eSOj7LXdY=","/B4r+OaIIyMui3tNyk7CMn+7mQXNVUCmmxJdNUFsBdM=","xFnb6R2WbHfWmvAS0RBwX/i9ovcuGhHjH4M6WPq2y0o=","NVTARd5jPGoRqOIrWSZ259axrvbeyqcXmjgLd6gbyaw=","Dy0D2joK875fqtxw+xM0mWQBHkl/52nIsWlqpXYZCEw=","ZmWChvh+ZvEugFDgfDle0oBSzScMOD2Sp1eqGuf1Fhc=","TokBBs17afVxosJPyo+ITdKe05X+XKOGPkgkDRrPMwA=","jH8lMek9B/gJcBx/V5HvghZaW4HR6uQ7EWeMrhRzgAc=","bxS53ItbeSu0YHK6VR9NJnPg8U1k7MYvjromnvaX+pU=","38NXgNwz9eLUquHCZKenwKQ+GI6w0sBNIK0l+sGv2ZI=","3A2Fw+VLlnUv37r05l9J5lcRnTDA0fxQoxlIoXU1ITQ=","CZ45woP3HMeokj/VvYWBQ+EYftXJXPGJtXfCf2RnBXk=","w2X8zqR3uyPQbVci6Mmezs6XFEBnghGXNai79JJVKHQ=","uhkiO6zYctWePjBaN6oKhgHzire20F2FOjvfWPyOCEg=","u2wA0wY0mUkov5ZAtlT97Sv3GTgFFBApkiSO5fKbFTI=","5R3hbz5IvPda+Q35QWLCJoBZojqT0QcwCZ+TjnBtn6g=","/8XSbkLnSeNFyokvkePU0vwRBN0JpJSxyEp2Z9ELT5w=","a5QZqYwo3nBvRb9O2gXSwJf+qM+6SId/C2tHDTwYibE=","d42RxY5j2maZRuyyT2ggawseK4rJ3IC3ybPQ0Jwsv/Y=","JraudxkMvQgglxGUmwkDOgxmzsRr7OHv38FL1LnyAQU=","z9O4YpTrIDe8jlBPx3gVDF5+kg8F4V+w+rJ0Y6nVsqc=","+1L9b1uIl1d/rRP+zIqcPN2Qx+soMw7FIEdKzzh1ojs=","r5dfWN5FqN2Tu/rEJUU8Olc7XIUNwMK+BwVKK48OWr0=","asV6YaJBxBsSDyn523ZZfVjgWmScn0/UALZ7Wy0C500=","BeHO5On3VSHzksNQtSCn9LFb+iHRAxfqCK2q75mEJ40=","YouLZzmcSFhoxF2VEGiWNW0zlzIzFQkPx7Wx33JGSA0=","rFA/FD8MLAkeA0H0qq26OZSIKiveyeDydw70YLePQao=","/8NHGc6Eza0g9ddIBK24pyumc1t3JI/IBVsmOEuayfM=","SS3rGZnGMWXzk7HH9cNoGLIUiqpD5O+hyCCnUtkBfHY=","TEPt+TPo5ZlX+rCvF+/+CDwKUYOsbwHVC/Nlu7F0svA=","t7HMtm95XeKc7mt8Bq8IkZD280KPA2RBYuqa2OCpVQA=","u4SOlpkBBHLYw+EXVhLAcjGQL+XhRAdg+Uw5v7RttP0=","LaGe9rSCL0dPrhQKobgV9vj8IhKoL3hPY+lwi902yfE=","Ptm1xODFPELv2eHxiPE1qKvtVyyA023HVPlgFf35oWw=","tzBYTKa3I6X4lc9PfQq62CjjdY5P8anBWTF4Oyw8ssk=","lTo4zy99TBLfEbWMDhxe4kSvVtg2TH+4hlQ0UsMCBi0=","fQcH90S31mjAVM7VKkBiAQTvLHsEJ1zax+aV0xsCIyU=","9//uF/09Nuarf6R2AF9+ASoTltaLZO4KxMlNvdKwVUs=","hxuSEgpe6hRprzm4FBSm7BlYe1xCEKzis2TDe6GJn8M=","Qz/0RJd1OxV/V2gp1s/GD+DkYyfbr8BemzY0dqPsmwY=","vR+CmIwoZ9XaXGrJt8kA+RobppcDkX9AkNOFuXhfC5w=","vFFUXo4oACYoo8xwjNUyNOI5fENhME71Ie1x9LauA4c=","MfU0YUx2B2PpzhI40a1v2X7HIbJ0PDnKAYzMA4/jrkc=","Mz9NPR9W37iowYR9fsNr+pevicd8rwno7dWcVzLInA4=","bx1BeXSxsuJ2Tx9VWhgunuGudD9QXl1TSYFIhzJbBZg=","51C89WO0YnBex4IQpYnBEWVVy3fg3rEhaqn02UJJKHk=","Ik207WwSyguoVXzIOs2mAka/QBm+VF3aUCNtdWlJspA=","Y5gSWu2hvxwW8hhEy93BaF7mX6OzM8bZlCS3AZiy8u8=","UnkFRpjtyc6sgroXSa4pk2j9Ns8tWuBb2TZh5w8iAIA=","kQBpJqouUrh8EFQ9Xo9M6O9MhLkuRvUUHOyGsO3FHEg=","P7YZaZaFD50puB/ooG5yexFIJ6g5pHm1H6nDeXYb530=","B042TveocWygElwZGZkgbwBci4IHOOFGKsyg5DPcIKQ=","ah5o7wVlv7dFFHkP8g8ZXKiGk/3WMEwgH/Oq9CrXVak=","M4RDEc0o21JdSzX0jMFGGEsi9W6Mjh8Vr6U1dbdCito=","DvGZOCC67/XtplEly2GoNb9GopCoLWiELtB8IQAe41A=","wQv9YuaIlUpWJIfofnNbLUncA3QtqE8fHMum16QxyJs=","7eAb0Uy8oIHvVRgwSNPd9qOovpnK6I685sTkjYWCgvQ=","eLlq/yfD61av7PzOHUTOA0O6Gyf9K7IJxfDKzwgw8XY=","YMWPdI8tsVxEDEp+R8TrDpDvcLKcP4R1D7uW/JcuQU8=","TWZ2PITIqjKbr9U7DxbtDMtuZnEJ8odZd+ckP4zB8RI=","Zk2jY+FO/SzMam90t98MssW0Yz8MPG2wfrpQRwfPeDg=","ww8uRZsjl7GfRS9tARcNyXNa4X+yt4r1LASDNFt+IHQ=","4ZHiAt8PmTjVAF51q0xrfBtirOXyTbMvMhsBIxuE5Sc=","pYfgWzxng5JuKiatFr05G4gV4XdsAck+3O9skD6j1QY=","kTO/KoUZK8DuTuHjP2WtTi59WYEWb9zqqqkCkMsMchs=","EdrnSJmaBQHQjN8GiYm5Zq5MBJ9AaC8md4+T5xgOeUs=","CSZOPtxDHK+rqq50u0bg97etnZD3qV+mySb+ZvmcvMw=","zLdvAA1qkthvjyTxDyK6AMLRzq3PohAbWecX3EzsG3c=","o9VvxpLRPNO5JunzVNHA4wlZmu3lDY3i0vjlD9OAtW8=","0uXGHcFtMzOUe1KwawvqdEhto28waATKVdzlLCLLJLQ=","3QVIaMZMauthoj0YLJOtnFJTN6dTm6Ei4q0Cvp8wHDQ=","o0T4ehfq6/c703HaJLg51ulIBLViOmegvsEP4gg+Isg=","MnZ6CORSYGWMYP/wiUm8Tyz8k6sv/fck15e3fjFEEsI=","Lmo1KNk0h1lNEgvg4qXNLObMMycxuRvZTBk6KZNItbA=","c0djPAKu16P7RcZZ+bZFYKXZ+Gu/F/IFXucyg4Hy+kk=","+uha/gEKUGMz00h0NI9HtXwTSFVZaWXe0uL9KANhIuc=","8XtdqAJErcCPWZxKrSA1+8F1wYrSJypjxMIsbqNc7Zo=","zpuoSEpcc7xS6H9/chn4+QG8E03sfdP+WPrgHIpTOnA=","8/whG9YxAsY0ZYN/MG/RLLBJES21FUzd+uvo3Xv5DqU=","Cwff8+IQXRY2868Un7Bwnx7S+rnhPMCAPKkk4gv0VHo=","+8FhxIfuPYswd30WjOsrOf5qKnKH3kdrG9miYxQNaZs=","sf7v1RGHqv9IVsrcrsnjhyB0V1DTvgj4oCAXf7zfrLA=","9imaY6tVcuPK2djOZmP7ozZIA/S3MEPCH6g5a+YUbtU=","Wj6QLTWh4IuBZ53sbHrupqnEsKUmdn0hjGbUTvIV4AY=","BIvKXAwrAo9sgJ5VMrrO9ozSeeAUOys3ufyi8zY+Q3s=","CEoYBb27TP+dOl1FHCJ5sCLKqtvebbxtZaN1FYeTnQo=","UvcAV8aU6983HVQ2qi2Mqwq0WUDUuipOwvjfPeZvPEY=","BdY/K4rm3gUD2ZCDmURn4PpRBG2FwKBCu5zbUO2rtiI=","jeVDdVrkZRFhnyDk9XqrF/SMqBBwLdjVoV/K2e313sc=","YZ8rur+R7+N/B+Npo1lkKLZuIoHSlUm0eqj2oPL+YTo=","9wRW6KmIoSzxGrbXgx48f3OnsbCyxAI2tpvmgZg8etM=","jZl0AOAGjGzWakVHnkC9K1wd5knnBAXnu7QZ6d7GSPo=","fpT8CKE9cvJ8kfK4trGwAnkrUgYUbfEu3Ro/mfrq3DM=","komEpz2umxZjOMwvwXfnpBt473/OsxWPIkysrfFu4aI=","MOq2jLiaT8OAvTIjwGv/V0goIsU7rbtp85jHvdZ9gGY=","ybIYzArMJtxJL8vw1ySQ+2ZcG9bhwsFIBgPNQXjzA8Q=","+YNJBPB2TOvDVbKyGdtvUEGNS/dTkrCmO2iYRZWEfBU=","Ybb++8q1UBNxoNTg4E5sohyP3+2kNM5HjygfoAF9t7E="],"block_size":4096,"path":"static/js/main.js"},{"block_hashes":["qP+B8ERClLtalwfClM6/9ys2mGNssGwtZyax+6BbE94=","hubXJx/DvqiQZNGc2nmSgkMfe7rc4G6g5bs278mpxCI=","ftDKrA/5M0yLh0ajtFQsfVwUzdhUZfCMfGw/BXaoQBg="],"block_size":4096,"path":"static/js/main.js.LICENSE.txt"},{"block_hashes":["l47Z8r5f3D/t9QAAZVQlzAADTHiVZFpHKnwQNrsf9RM="],"block_size":4096,"path":"static/media/AR.881fd21eaefc56b6f6e7881b769047e9.svg"},{"block_hashes":["RJFaYR2JwT36iNhS0B72XjqnYiooFo18faapIYVUY1A="],"block_size":4096,"path":"static/media/BO.ea3dbbda24f8eb812d114ee48d03eac9.svg"},{"block_hashes":["AnVnUgfhy+CUJXW7NovVBDl8SpZHxJ+4Oj69HbDYqsM="],"block_size":4096,"path":"static/media/BR.e192419258f7b7ec1c746310107a865a.svg"},{"block_hashes":["5hKmGgOlb7aboz1AkfzSXh8NhFXdcc3SR86TAra4KYA="],"block_size":4096,"path":"static/media/CO.29852c159d2e26de262188c8ceaa012e.svg"},{"block_hashes":["uqHxXDtJxzzvp/0jiw7lQZZ9bN3+zxubz1mhr7mg3Q4="],"block_size":4096,"path":"static/media/ifood.cd206a5fb3b2fb0439d0c48316ec1906.svg"},{"block_hashes":["4BYImDdO55nQqK72UFlJGE3gWPGrgLZiP1+pNbN5FDU=","5rL+ubEgcGhJETcWvVeGr1kuzfH//ihCY6SWKTL+XmA=","SBTwoj+GoKbswjB74wV+viHYcgtrCwpUFa73yOrXQnU=","2txKttnnZdQIAIPLLvnj9n7RanMkaNeRmtlmb6SaAIc=","hzACEfJMnqo3moz/LkQKtT1v3XjKXErUvn1FXooiqis=","HULLoR30mJLB+2tNHrszsAb1GojXdzflt5zKsjMqtgM=","RxtNmF3+jgKcVcwUp9pozH7idX6inQR/aqF9GUtbWEM=","KSob4BMB/kWP6MGYlfjMe9jKQm9bD241JT2Fydcjlvs=","EatEm1ArcT5nL7i6c92X4GWJKiffDZWkjSdEpgLHlCI=","JpkZDCoE3hjtfmvm/QA9AUZDtwGxlS6DXQkD1W0KmqY=","GCNkNVZgLj/KAGHNPPJh2Meda40eezoS361m3QBj7ys="],"block_size":4096,"path":"static/media/logo.a859bbe426be11bba8d9.png"},{"block_hashes":["iJhbKAPCwYwqtr4b2eOCUCDfdEIBNLCIWIVehS4Enrw=","Pe/EAxxwUMsOpHVxBanbVK1j+JXk+RY7zx+dKWHGSp4=","AvTn5zff6xl9RDWxaWGGHM8oeEc8oE4Kg/8484WF/LU="],"block_size":4096,"path":"static/media/notAuthorized.89ef75769c58d5325d2c5fe734620945.svg"},{"block_hashes":["2pNMA9slw/5TzPpDcefh8zR1PUf1Lq7R213iy3kvb+Y=","jl9ztx452fs37rGdkqSyaZhMO27AZes0rH6LZvCu+Bs="],"block_size":4096,"path":"static/media/openBox.23195727968d1df5da669bc904016e85.svg"},{"block_hashes":["K5MNjWfmQm8/wDozhpn1mVSWxc8hgs9k8pnP2ddZFow=","poqezrfOfENufi0qloCyk8bjmNZTzJxo6Eq6ol440yQ=","Lb9QZ7Fu39zxYXto6b8krdh8wzIbfnKenClf+nQ1q4E=","8mW1S5MiW4qgGPJGLp7p/AEfP2mN/EhkuogbamJFN/M=","hKXVFunBCe4nouCC2aoXru/fjSeRS3Dn8XAJGTL6MN4=","vLWuYQfycFF5nx8SEuOl/Hk54uVyIl2gjeW7EYNUigY="],"block_size":4096,"path":"static/media/pageNotFound.59326a312a0dca3c4321b68cd051a1a9.svg"},{"block_hashes":["eOw9D/SemSIMv6vTOsr9Owry690MrT5K47vcNgbkJCo="],"block_size":4096,"path":"static/media/PE.74646e8408a4998ce59008ec7bedea21.svg"},{"block_hashes":["zt7Tp0RRlPRWMuZCezyZvOuBIExXSTgXZ/qwFPrJN4A="],"block_size":4096,"path":"static/media/PY.efca7013cdbeb0e329afc631c851462f.svg"},{"block_hashes":["PxyMfgdYHb4/yjoMFYUT2KRdUjzmXEo+ovuY1EwFFis="],"block_size":4096,"path":"static/media/UY.3535d501490c07d7d332d7ffa92d945b.svg"},{"block_hashes":["pxaPAm6DmILxUVqFu05aRfwumx+E8afLTkR4UEQuyto="],"block_size":4096,"path":"static/media/VE.4927186575af9bbb4a33b2c891589042.svg"},{"block_hashes":["vkjU+5He+38GVYuksNNLcH0Jyn4UTL5jttROmA2gHeA="],"block_size":4096,"path":"styles.css"}],"version":2}